  {
    "hora_coef_apuntamiento": {
      "1": 0.93419,
      "2": 0.84804,
      "3": 0.79364,
      "4": 0.76359,
      "5": 0.75145,
      "6": 0.76411,
      "7": 0.82124,
      "8": 0.89177,
      "9": 0.96632,
      "10": 1.03568,
      "11": 1.04269,
      "12": 1.01783,
      "13": 1.00426,
      "14": 1.02039,
      "15": 1.00827,
      "16": 0.9848,
      "17": 0.99143,
      "18": 1.04276,
      "19": 1.18032,
      "20": 1.31401,
      "21": 1.36462,
      "22": 1.30671,
      "23": 1.15738,
      "24": 0.9945
    },
    "modulo": {
      "Width": 1.303,
      "Height": 2.384,
      "Depth": 0.035,
      "Weight": 38,
      "NPieces": 100,
      "NCelS": 66,
      "NCelP": 2,
      "NDiode": 3,
      "GRef": 1000,
      "TRef": 25,
      "PNom": 715,
      "PNomTolLow": 0,
      "PNomTolUp": 3,
      "BifacialityFactor": 0.85,
      "Isc": 18.1,
      "Voc": 50.09,
      "Imp": 17.05,
      "Vmp": 42,
      "muISC": 8.46,
      "muVocSpec": -110,
      "muPmpReq": -0.24,
      "RShunt": 1600,
      "Rp_0": 70000,
      "Rp_Exp": 5.5,
      "RSerie": 0.169,
      "Gamma": 1.07,
      "muGamma": 0,
      "VMaxIEC": 1500,
      "VMaxUL": 1500,
      "Absorb": 0.9,
      "ARev": 3.2,
      "BRev": 21.996,
      "RDiode": 0.01,
      "VRevDiode": -0.7,
      "AirMassRef": 1.5,
      "CellArea": 220.5,
      "SandiaAMCorr": 50,
      "RelEffic800": 0.64,
      "RelEffic600": 1.04,
      "RelEffic400": 0.6,
      "RelEffic200": -0.72
    },
    "inversor": {
      "PNomConv": 350,
      "PMaxOUT": 352,
      "VOutConv": 800,
      "VMppMin": 500,
      "VMPPMax": 1500,
      "VmppNom": 1160,
      "Vmpp_PMax": 741.2,
      "VAbsMax": 1500,
      "PSeuil": 1732.5,
      "PNomDC": 350,
      "PMaxDC": 525,
      "IDCMax": 0,
      "IMaxDC": 480,
      "INomAC": 254,
      "IMaxAC": 254,
      "TPNom": 40,
      "TPMax": 35,
      "TPLim1": 50,
      "TPLimAbs": 60,
      "PLim1": 300,
      "PLimAbs": 233,
      "PInEffMax": 192000,
      "PThreshEff": 265.6,
      "NbInputs": 24,
      "NbMPPT": 12,
      "TanPhiMin": -0.75,
      "TanPhiMax": 0.75,
      "Night_Loss": 5
    },
    "bateria": {
      "capacidad_maxima": 3600,
      "energia_maxima_carga_descarga_por_hora": 1800,
      "maxima_venta_a_red": 4000,
      "soc_inicial": 30,
      "soc_final": 30
    },
    "ubicacion": {
      "latitud": 39.62,
      "longitud": 2.64,
      "altitud": 85,
      "zona_horaria": "Europe/Madrid",
      "albedo": 0.25
    },
    "sistemaPV": {
      "inclinacion": 20,
      "azimut": 0,
      "factor_bifacialidad": 0.85,
      "espaciado_entre_cobertizos": 8.96,
      "ancho_cobertizos": 5.27,
      "angulo_limite_perfil": 24.8,
      "proporcion_cob_suelo_gcr": 58.8,
      "altura_suelo": 0.8
    }
  }
